"Data","Último","Abertura","Máxima","Mínima","Vol.","Var%"
"15.01.2009","20.280,49","20.369,23","20.494,03","19.716,77","224,77M","-0,44%"
"14.01.2009","20.369,23","21.047,30","21.047,30","20.303,29","159,75M","-3,22%"
"13.01.2009","21.047,30","21.161,70","21.285,59","20.866,06","133,31M","-0,54%"
"12.01.2009","21.162,27","21.741,29","21.744,48","21.019,23","143,96M","-2,66%"
"09.01.2009","21.741,29","21.962,12","22.040,20","21.654,90","127,10M","-0,98%"
"08.01.2009","21.955,40","22.116,80","22.116,80","21.660,11","168,76M","-0,73%"
"07.01.2009","22.117,51","22.992,71","22.992,71","22.107,60","144,40M","-3,86%"
"06.01.2009","23.005,41","23.238,86","23.489,77","22.886,21","213,10M","-1,00%"
"05.01.2009","23.238,86","23.250,96","23.483,54","23.190,26","190,38M","-0,05%"
"02.01.2009","23.250,96","22.380,32","23.302,06","22.331,40","107,07M","3,89%"
"31.12.2008","22.380,32","22.419,71","22.660,59","22.368,00","64,37M","-0,18%"
"30.12.2008","22.420,01","22.398,76","22.516,74","22.128,65","71,00M","0,12%"
"29.12.2008","22.392,38","22.515,34","22.571,03","22.290,88","69,37M","-0,55%"
"26.12.2008","22.515,34","22.339,04","22.543,34","22.249,28","36,66M","0,78%"
"24.12.2008","22.340,70","22.167,08","22.453,51","22.141,35","31,61M","0,75%"
"23.12.2008","22.174,26","22.059,18","22.393,87","22.053,95","109,51M","0,52%"
"22.12.2008","22.059,18","22.221,64","22.282,93","21.923,10","93,40M","-0,73%"
"19.12.2008","22.221,64","22.308,91","22.545,16","21.979,54","225,73M","-0,56%"
"18.12.2008","22.347,17","22.572,50","23.098,15","22.334,75","200,05M","-1,00%"
"17.12.2008","22.572,50","22.032,78","22.583,85","21.904,89","245,71M","2,45%"
"16.12.2008","22.032,54","21.050,55","22.095,14","21.017,87","289,31M","4,66%"
"15.12.2008","21.050,55","21.374,87","21.476,96","21.039,11","184,49M","-1,67%"
"11.12.2008","21.408,35","21.639,63","21.831,16","21.305,63","176,93M","-1,30%"
"10.12.2008","21.689,84","21.459,80","21.991,01","21.424,76","238,22M","1,17%"
"09.12.2008","21.439,65","21.164,74","21.632,29","20.978,37","242,54M","1,28%"
"08.12.2008","21.168,72","20.083,87","21.192,39","20.083,87","279,85M","5,41%"
"05.12.2008","20.081,83","19.915,85","20.082,59","19.440,54","157,88M","0,83%"
"04.12.2008","19.916,21","20.147,01","20.266,35","19.901,65","176,71M","-1,15%"
"03.12.2008","20.147,01","19.801,95","20.277,10","19.493,86","148,34M","1,74%"
"02.12.2008","19.802,27","19.547,58","19.819,63","19.499,75","134,70M","1,38%"
"01.12.2008","19.533,08","20.514,56","20.514,56","19.532,40","159,84M","-4,88%"
"28.11.2008","20.534,72","20.202,20","20.549,55","20.021,15","135,16M","1,65%"
"27.11.2008","20.201,82","20.026,21","20.223,03","19.888,64","54,81M","0,88%"
"26.11.2008","20.025,79","19.297,21","20.062,47","19.028,19","192,48M","3,77%"
"25.11.2008","19.297,63","19.545,68","19.709,45","18.982,84","258,17M","-1,19%"
"24.11.2008","19.529,25","18.251,41","19.573,01","18.251,41","215,59M","7,00%"
"21.11.2008","18.251,41","18.190,70","18.453,30","17.942,97","141,27M","0,33%"
"20.11.2008","18.190,70","18.578,38","18.745,60","18.012,36","157,98M","-2,09%"
"19.11.2008","18.578,38","19.035,93","19.039,07","18.558,37","165,01M","-2,41%"
"18.11.2008","19.036,23","19.562,14","19.562,14","18.833,43","220,41M","-2,69%"
"14.11.2008","19.562,14","19.710,85","19.918,49","19.292,25","205,17M","-0,75%"
"13.11.2008","19.710,10","18.804,95","19.710,84","18.220,66","257,77M","4,81%"
"12.11.2008","18.804,95","19.781,80","19.781,80","18.804,95","161,14M","-5,00%"
"11.11.2008","19.795,25","20.020,53","20.020,53","19.540,67","165,86M","-1,13%"
"10.11.2008","20.020,53","19.865,48","20.381,19","19.745,23","136,70M","0,78%"
"07.11.2008","19.865,22","19.658,33","20.186,29","19.658,33","146,69M","1,09%"
"06.11.2008","19.650,86","20.446,77","20.446,77","19.602,42","181,09M","-3,89%"
"05.11.2008","20.446,77","21.535,27","21.538,35","20.427,33","183,59M","-5,05%"
"04.11.2008","21.535,27","20.632,88","21.538,05","20.632,88","235,16M","4,48%"
"03.11.2008","20.612,68","20.445,32","20.696,41","20.224,87","174,72M","0,82%"
"31.10.2008","20.445,32","20.207,02","20.454,61","20.016,24","281,09M","1,18%"
"30.10.2008","20.207,02","19.157,91","20.242,72","19.157,91","297,18M","5,48%"
"29.10.2008","19.157,33","18.665,46","19.666,92","18.320,83","326,48M","2,82%"
"28.10.2008","18.632,53","16.867,39","18.832,73","16.867,39","291,78M","10,46%"
"27.10.2008","16.868,66","16.955,85","17.596,03","16.480,01","205,46M","-0,65%"
"24.10.2008","16.978,84","17.795,15","17.795,15","16.616,94","232,87M","-4,61%"
"23.10.2008","17.798,99","18.787,34","19.009,97","17.537,82","283,90M","-5,26%"
"22.10.2008","18.787,34","20.166,62","20.166,62","18.613,45","271,65M","-7,01%"
"21.10.2008","20.203,27","20.759,29","20.794,76","20.101,72","203,15M","-2,80%"
"20.10.2008","20.786,21","20.312,83","20.950,26","20.312,83","203,62M","2,33%"
"17.10.2008","20.312,83","20.464,20","20.945,50","20.118,52","220,39M","-0,71%"
"16.10.2008","20.457,93","21.137,79","21.347,93","20.032,25","289,20M","-3,21%"
"15.10.2008","21.135,42","22.224,65","22.224,65","20.830,94","207,43M","-4,99%"
"14.10.2008","22.244,61","22.186,80","23.398,79","21.899,80","350,35M","0,67%"
"13.10.2008","22.095,89","20.005,03","22.095,89","20.005,03","347,37M","11,01%"
"10.10.2008","19.905,27","20.268,79","20.268,79","19.230,75","427,58M","-1,99%"
"09.10.2008","20.310,20","20.690,45","21.473,71","20.309,53","208,22M","-1,78%"
"08.10.2008","20.678,97","20.868,57","21.383,69","20.145,55","362,33M","-0,99%"
"07.10.2008","20.884,74","21.766,68","22.567,89","20.864,52","236,34M","-3,97%"
"06.10.2008","21.749,13","22.969,56","22.969,56","20.693,83","239,13M","-5,40%"
"03.10.2008","22.989,50","24.033,73","24.271,38","22.989,50","239,79M","-4,32%"
"02.10.2008","24.027,35","25.117,48","25.117,48","23.874,32","227,69M","-4,34%"
"01.10.2008","25.117,32","24.898,47","25.220,72","24.482,03","183,11M","0,92%"
"30.09.2008","24.888,90","23.980,10","24.888,90","23.980,10","244,10M","3,90%"
"29.09.2008","23.955,67","25.577,18","25.577,18","23.789,83","234,11M","-6,40%"
"26.09.2008","25.593,77","25.644,34","25.644,34","25.264,85","189,94M","-0,20%"
"25.09.2008","25.645,50","24.946,50","25.657,01","24.839,97","228,07M","2,81%"
"24.09.2008","24.944,25","24.969,17","25.165,50","24.766,73","137,17M","-0,10%"
"23.09.2008","24.969,17","25.131,87","25.223,01","24.834,82","148,07M","-0,65%"
"22.09.2008","25.131,91","25.702,54","25.731,16","25.131,61","165,72M","-2,21%"
"19.09.2008","25.701,03","24.640,02","26.114,59","24.640,02","284,69M","4,57%"
"18.09.2008","24.577,90","23.457,82","24.596,99","23.181,74","282,82M","4,78%"
"17.09.2008","23.456,84","24.618,15","24.722,70","23.383,68","280,23M","-4,72%"
"15.09.2008","24.618,15","25.427,70","25.427,70","24.610,54","125,30M","-3,79%"
"12.09.2008","25.588,41","25.488,03","25.599,60","25.174,03","169,98M","0,14%"
"11.09.2008","25.552,49","25.599,84","25.637,47","25.180,09","191,32M","-0,27%"
"10.09.2008","25.622,91","25.634,56","25.776,18","25.411,54","217,08M","-0,03%"
"09.09.2008","25.629,79","26.232,44","26.283,82","25.625,94","192,49M","-2,30%"
"08.09.2008","26.232,56","25.955,86","26.489,36","25.939,95","154,67M","1,27%"
"05.09.2008","25.904,18","26.151,63","26.151,63","25.676,96","154,59M","-0,95%"
"04.09.2008","26.151,63","26.467,79","26.467,79","25.891,08","147,46M","-1,19%"
"03.09.2008","26.467,79","26.525,02","26.592,06","26.282,99","141,77M","-0,21%"
"02.09.2008","26.522,76","26.425,12","26.753,71","26.382,28","159,10M","0,37%"
"01.09.2008","26.424,70","26.320,73","26.443,19","26.274,27","17,65M","0,51%"
"29.08.2008","26.290,99","26.444,12","26.459,97","26.222,53","87,63M","-0,58%"
"28.08.2008","26.444,12","26.131,35","26.480,31","26.131,35","118,62M","1,20%"
"27.08.2008","26.131,35","26.071,46","26.383,09","26.061,58","129,26M","0,23%"
"26.08.2008","26.071,46","26.415,58","26.447,87","25.872,25","148,86M","-1,31%"
"25.08.2008","26.416,62","26.873,07","26.873,07","26.416,01","93,98M","-1,71%"
"22.08.2008","26.875,45","26.560,50","26.877,00","26.560,50","124,18M","1,28%"
"21.08.2008","26.534,97","26.862,91","26.961,72","26.522,36","104,83M","-1,23%"
"20.08.2008","26.865,04","26.732,11","27.042,10","26.729,12","148,11M","0,50%"
"19.08.2008","26.732,11","26.776,01","26.895,58","26.454,07","136,87M","-0,17%"
"18.08.2008","26.777,48","27.341,07","27.356,00","26.735,47","110,04M","-2,06%"
"15.08.2008","27.340,83","27.261,51","27.446,62","27.150,63","127,89M","0,34%"
"14.08.2008","27.247,45","26.875,48","27.267,74","26.782,98","174,04M","1,38%"
"13.08.2008","26.877,07","26.643,55","26.914,94","26.519,87","125,33M","0,90%"
"12.08.2008","26.636,55","26.943,45","26.976,85","26.593,09","152,06M","-1,14%"
"11.08.2008","26.943,69","27.073,31","27.262,54","26.929,39","155,48M","-0,70%"
"08.08.2008","27.132,79","26.982,49","27.262,37","26.893,68","115,18M","0,54%"
"07.08.2008","26.986,98","27.342,39","27.342,39","26.949,00","135,77M","-1,30%"
"06.08.2008","27.342,39","26.990,19","27.344,15","26.909,14","154,90M","1,30%"
"05.08.2008","26.990,19","26.502,72","26.990,19","26.502,72","156,84M","1,90%"
"04.08.2008","26.487,76","26.978,99","27.028,72","26.463,81","122,68M","-1,75%"
"01.08.2008","26.959,18","27.500,27","27.502,65","26.892,31","128,05M","-1,97%"
"31.07.2008","27.501,02","27.473,81","27.600,34","27.340,75","149,09M","0,10%"
"30.07.2008","27.474,04","27.343,32","27.648,14","27.340,95","160,93M","0,57%"
"29.07.2008","27.318,64","26.732,84","27.370,58","26.647,55","159,66M","2,19%"
"28.07.2008","26.732,84","27.085,87","27.177,44","26.732,56","137,24M","-1,30%"
"25.07.2008","27.084,77","26.878,91","27.207,08","26.876,17","155,94M","0,77%"
"24.07.2008","26.878,19","27.640,79","27.726,41","26.878,19","249,31M","-2,77%"
"23.07.2008","27.644,75","27.592,24","27.848,24","27.432,75","200,62M","0,19%"
"22.07.2008","27.592,24","27.988,34","27.991,53","27.419,77","264,02M","-1,42%"
"21.07.2008","27.988,47","28.169,77","28.418,03","27.971,84","96,21M","-0,64%"
"18.07.2008","28.169,77","28.222,60","28.320,19","27.993,55","131,49M","-0,16%"
"17.07.2008","28.215,86","27.970,33","28.383,24","27.970,33","174,10M","0,88%"
"16.07.2008","27.968,82","27.429,80","27.978,17","27.312,18","170,97M","1,94%"
"15.07.2008","27.435,80","27.499,71","27.704,94","26.877,80","201,29M","-0,30%"
"14.07.2008","27.517,11","27.655,66","27.862,83","27.427,27","108,36M","-0,35%"
"11.07.2008","27.614,54","27.876,27","27.876,27","27.274,89","144,97M","-0,94%"
"10.07.2008","27.877,33","28.092,63","28.101,94","27.499,56","177,60M","-0,78%"
"09.07.2008","28.095,79","28.551,21","28.764,72","28.095,37","191,80M","-1,60%"
"08.07.2008","28.551,25","28.383,53","28.585,46","28.091,51","150,75M","0,59%"
"07.07.2008","28.383,53","28.348,02","28.708,92","28.076,32","110,01M","0,16%"
"04.07.2008","28.338,12","28.465,55","28.558,77","28.337,86","23,84M","-0,45%"
"03.07.2008","28.465,55","28.676,78","28.809,56","28.459,67","107,78M","-0,75%"
"02.07.2008","28.680,83","29.223,48","29.288,94","28.655,03","170,90M","-1,85%"
"01.07.2008","29.221,11","29.395,49","29.395,49","28.763,26","181,06M","-0,59%"
"30.06.2008","29.395,49","29.295,00","29.477,31","29.213,19","106,73M","0,34%"
"27.06.2008","29.295,00","29.194,16","29.414,61","29.148,66","101,17M","0,33%"
"26.06.2008","29.199,94","29.541,79","29.541,79","29.098,15","148,28M","-1,25%"
"25.06.2008","29.569,44","29.298,09","29.818,31","29.278,33","121,61M","0,95%"
"24.06.2008","29.291,61","29.465,57","29.566,15","29.114,60","162,42M","-0,59%"
"23.06.2008","29.464,54","29.533,44","29.594,61","29.352,85","113,90M","-0,23%"
"20.06.2008","29.533,44","29.848,94","29.848,94","29.179,76","187,42M","-1,05%"
"19.06.2008","29.847,85","29.618,11","29.852,60","29.304,69","178,89M","0,78%"
"18.06.2008","29.618,11","29.916,58","29.916,58","29.406,39","242,13M","-1,03%"
"17.06.2008","29.925,27","30.353,02","30.409,75","29.862,58","143,73M","-1,41%"
"16.06.2008","30.354,18","30.411,32","30.567,91","30.342,24","99,32M","-0,19%"
"13.06.2008","30.413,48","30.475,44","30.715,61","30.253,81","117,94M","-0,20%"
"12.06.2008","30.475,44","30.461,53","30.955,39","30.435,67","244,01M","0,10%"
"11.06.2008","30.446,24","30.898,23","31.070,58","30.446,24","218,04M","-1,46%"
"10.06.2008","30.898,87","30.905,09","30.905,09","30.651,30","164,13M","-0,11%"
"09.06.2008","30.933,44","31.149,06","31.232,11","30.695,69","94,71M","-0,69%"
"06.06.2008","31.149,06","31.692,85","31.694,24","31.108,61","144,94M","-1,82%"
"05.06.2008","31.726,01","31.447,68","31.726,06","31.446,20","109,03M","0,88%"
"04.06.2008","31.448,11","31.488,82","31.593,86","31.325,16","120,48M","-0,14%"
"03.06.2008","31.492,64","31.636,21","31.729,11","31.215,59","121,22M","-0,45%"
"02.06.2008","31.636,21","31.968,60","32.001,13","31.594,89","85,29M","-1,06%"
"30.05.2008","31.975,47","31.835,58","32.211,48","31.805,16","276,94M","0,43%"
"29.05.2008","31.837,27","31.647,03","31.925,69","31.523,88","131,85M","0,60%"
"28.05.2008","31.647,03","31.414,32","31.647,08","31.297,81","125,64M","0,74%"
"27.05.2008","31.414,21","31.314,55","31.508,62","31.247,83","131,72M","0,32%"
"26.05.2008","31.314,55","31.068,70","31.355,18","31.068,64","32,51M","0,79%"
"23.05.2008","31.068,70","31.253,31","31.255,33","31.004,00","103,28M","-0,57%"
"22.05.2008","31.245,68","31.126,07","31.339,88","31.126,07","143,71M","0,38%"
"21.05.2008","31.126,07","31.526,17","31.611,54","31.116,10","122,01M","-1,27%"
"20.05.2008","31.526,17","31.794,11","31.794,11","31.436,66","122,83M","-0,85%"
"19.05.2008","31.796,41","31.483,13","32.024,48","31.483,13","152,15M","0,98%"
"16.05.2008","31.486,95","31.543,69","31.717,05","31.486,95","173,14M","-0,18%"
"15.05.2008","31.542,97","31.337,67","31.548,51","31.240,89","119,46M","0,66%"
"14.05.2008","31.336,57","30.887,40","31.541,82","30.876,31","197,49M","1,45%"
"13.05.2008","30.887,40","30.640,36","30.975,53","30.578,29","126,10M","0,82%"
"12.05.2008","30.637,36","30.674,36","30.754,57","30.419,16","135,73M","-0,12%"
"09.05.2008","30.674,36","30.751,97","30.774,57","30.454,48","120,46M","-0,25%"
"08.05.2008","30.751,97","30.762,16","30.802,42","30.586,91","157,06M","-0,03%"
"07.05.2008","30.762,16","31.228,76","31.379,70","30.700,01","161,43M","-1,48%"
"06.05.2008","31.223,42","30.958,94","31.239,97","30.878,93","153,05M","0,85%"
"05.05.2008","30.958,89","30.532,91","30.981,04","30.523,35","98,09M","1,33%"
"02.05.2008","30.551,47","30.289,91","30.581,26","30.238,41","147,63M","0,89%"
"30.04.2008","30.281,41","30.271,40","30.578,20","30.247,30","174,06M","0,04%"
"29.04.2008","30.270,64","30.620,92","30.720,43","30.244,91","169,77M","-1,15%"
"28.04.2008","30.623,39","31.008,92","31.246,70","30.623,35","150,78M","-1,24%"
"25.04.2008","31.009,02","31.743,23","31.743,23","30.862,53","434,80M","-2,32%"
"24.04.2008","31.746,23","31.847,98","32.047,58","31.410,70","139,71M","-0,32%"
"23.04.2008","31.847,98","32.039,72","32.097,88","31.743,86","146,61M","-0,60%"
"22.04.2008","32.039,72","32.095,24","32.292,92","31.805,79","146,72M","-0,17%"
"21.04.2008","32.095,04","31.795,68","32.098,29","31.762,54","122,28M","0,94%"
"18.04.2008","31.795,68","31.788,57","32.191,20","31.649,11","159,42M","0,03%"
"17.04.2008","31.785,99","31.910,14","31.989,73","31.580,79","131,55M","-0,39%"
"16.04.2008","31.910,21","31.382,05","31.910,21","31.382,05","153,08M","1,70%"
"15.04.2008","31.375,95","31.193,24","31.455,75","31.159,05","86,69M","0,59%"
"14.04.2008","31.192,48","31.302,57","31.507,52","31.149,27","107,34M","-0,35%"
"11.04.2008","31.302,57","31.647,86","31.647,86","31.239,98","138,27M","-1,09%"
"10.04.2008","31.649,05","31.418,67","31.710,93","31.115,71","136,51M","0,74%"
"09.04.2008","31.417,83","31.726,72","31.795,75","31.341,22","131,15M","-0,97%"
"08.04.2008","31.726,86","31.680,36","31.754,09","31.467,18","114,47M","0,04%"
"07.04.2008","31.715,44","31.550,71","31.941,04","31.517,45","110,30M","0,54%"
"04.04.2008","31.545,37","31.653,01","31.798,17","31.490,49","106,90M","-0,46%"
"03.04.2008","31.689,61","31.463,98","31.849,20","31.216,62","149,27M","0,70%"
"02.04.2008","31.467,87","31.788,44","32.232,73","31.467,87","205,24M","-1,01%"
"01.04.2008","31.787,68","30.916,04","32.079,89","30.916,04","362,68M","2,83%"
"31.03.2008","30.912,99","30.083,35","31.109,17","30.002,91","361,51M","2,74%"
"28.03.2008","30.089,90","29.996,96","30.181,59","29.916,53","85,73M","0,34%"
"27.03.2008","29.987,05","30.058,45","30.320,98","29.985,46","116,58M","-0,23%"
"26.03.2008","30.057,26","29.981,02","30.057,90","29.750,18","132,39M","0,25%"
"25.03.2008","29.981,08","29.636,34","30.144,51","29.611,42","115,40M","1,17%"
"24.03.2008","29.634,16","29.074,58","29.930,93","29.055,85","132,52M","1,94%"
"19.03.2008","29.071,34","29.517,07","29.588,84","28.903,01","126,43M","-1,51%"
"18.03.2008","29.515,55","29.048,51","29.573,07","28.953,06","116,29M","1,61%"
"14.03.2008","29.048,51","29.703,09","29.783,75","28.593,95","132,33M","-2,20%"
"13.03.2008","29.703,09","29.281,69","29.758,00","28.799,12","127,93M","1,43%"
"12.03.2008","29.283,40","29.463,99","29.886,08","29.282,35","159,79M","-0,62%"
"11.03.2008","29.466,17","28.233,90","29.466,17","28.233,90","202,44M","4,46%"
"10.03.2008","28.207,29","28.611,72","28.710,35","28.080,63","241,00M","-1,42%"
"07.03.2008","28.612,75","28.717,14","28.907,76","28.388,18","143,37M","-0,36%"
"06.03.2008","28.717,04","29.276,33","29.276,33","28.716,82","136,27M","-1,91%"
"05.03.2008","29.277,35","29.261,11","29.490,90","29.093,33","145,49M","0,06%"
"04.03.2008","29.261,11","29.534,31","29.534,31","28.863,06","155,51M","-0,90%"
"03.03.2008","29.526,70","28.904,71","29.546,60","28.710,39","140,74M","2,10%"
"29.02.2008","28.918,52","30.129,21","30.129,21","28.916,98","203,44M","-4,02%"
"28.02.2008","30.130,47","30.425,47","30.597,50","30.128,85","146,33M","-0,97%"
"27.02.2008","30.424,76","30.228,08","30.633,71","30.095,15","153,45M","0,65%"
"26.02.2008","30.228,08","29.962,88","30.353,36","29.779,58","211,04M","0,89%"
"25.02.2008","29.962,88","29.537,25","29.970,84","29.425,73","122,39M","1,47%"
"22.02.2008","29.528,79","29.355,76","29.528,79","29.044,82","114,60M","0,57%"
"21.02.2008","29.361,32","29.246,30","29.495,92","29.219,36","122,94M","0,47%"
"20.02.2008","29.224,44","28.874,13","29.225,27","28.651,13","114,69M","1,12%"
"19.02.2008","28.899,97","29.172,44","29.423,07","28.891,12","146,88M","-0,93%"
"18.02.2008","29.172,21","28.744,81","29.178,13","28.707,86","28,03M","1,49%"
"15.02.2008","28.744,81","29.139,01","29.139,01","28.576,12","104,61M","-1,35%"
"14.02.2008","29.138,92","29.306,76","29.375,54","29.051,80","134,40M","-0,57%"
"13.02.2008","29.306,76","28.871,88","29.316,86","28.871,88","168,11M","1,51%"
"12.02.2008","28.869,96","28.916,46","29.296,63","28.868,39","189,63M","0,28%"
"11.02.2008","28.789,55","28.159,13","28.823,95","27.952,98","137,06M","2,14%"
"08.02.2008","28.185,26","28.087,89","28.210,53","27.963,03","123,84M","0,35%"
"07.02.2008","28.088,32","27.929,72","28.276,78","27.472,27","149,72M","0,57%"
"06.02.2008","27.929,29","28.091,53","28.552,58","27.918,81","144,96M","-0,56%"
"05.02.2008","28.086,97","29.404,84","29.404,84","28.086,15","163,17M","-4,56%"
"01.02.2008","29.429,93","28.793,34","29.494,54","28.746,03","173,55M","2,21%"
"31.01.2008","28.793,64","28.295,23","28.802,57","27.656,63","243,84M","1,76%"
"30.01.2008","28.296,80","28.262,85","28.782,52","28.104,10","144,33M","0,12%"
"29.01.2008","28.263,95","27.828,00","28.326,62","27.828,00","130,37M","1,82%"
"28.01.2008","27.758,93","27.379,92","27.764,36","26.991,63","103,72M","1,38%"
"25.01.2008","27.379,92","27.922,01","28.419,66","27.379,92","122,93M","-1,88%"
"24.01.2008","27.905,13","27.626,47","28.323,15","27.626,47","186,88M","1,03%"
"23.01.2008","27.620,33","26.888,87","27.620,33","25.833,32","190,44M","2,71%"
"22.01.2008","26.892,74","25.298,97","27.019,79","25.298,97","215,09M","6,36%"
"21.01.2008","25.284,88","26.692,86","26.692,86","25.282,31","82,54M","-5,35%"
"18.01.2008","26.713,83","26.698,66","27.144,66","26.325,46","163,59M","0,06%"
"17.01.2008","26.698,66","27.343,57","27.604,82","26.560,86","182,09M","-2,36%"
"16.01.2008","27.343,57","27.954,18","27.954,18","26.982,27","212,49M","-2,21%"
"15.01.2008","27.961,85","28.603,66","28.603,66","27.901,50","160,14M","-2,26%"
"14.01.2008","28.607,45","28.725,35","28.959,96","28.440,84","107,57M","-0,41%"
"11.01.2008","28.723,82","29.069,56","29.240,60","28.574,61","106,77M","-1,19%"
"10.01.2008","29.069,56","28.399,28","29.093,48","28.174,96","176,87M","2,35%"
"09.01.2008","28.401,61","28.260,16","28.404,90","27.748,74","163,57M","0,47%"
"08.01.2008","28.267,78","28.158,12","28.698,86","28.158,12","147,15M","0,41%"
"07.01.2008","28.152,56","28.327,89","28.420,50","27.811,60","104,24M","-0,58%"
"04.01.2008","28.317,92","28.860,78","28.860,78","28.226,46","93,43M","-1,88%"
"03.01.2008","28.860,78","28.687,85","29.046,61","28.666,95","78,94M","0,56%"
"02.01.2008","28.699,12","29.536,83","29.733,56","28.684,33","101,74M","-2,84%"
"31.12.2007","29.536,83","29.700,19","29.738,03","29.241,94","32,67M","-0,55%"
"28.12.2007","29.700,19","29.642,86","29.820,31","29.588,21","46,80M","0,20%"
"27.12.2007","29.642,12","29.969,25","29.969,25","29.640,77","39,61M","-1,20%"
"26.12.2007","30.002,46","29.857,60","30.041,45","29.838,12","47,89M","0,50%"
"24.12.2007","29.853,77","29.639,17","29.871,47","29.639,17","27,12M","0,73%"
"21.12.2007","29.638,40","29.148,45","29.736,11","29.148,45","95,67M","1,68%"
"20.12.2007","29.148,45","29.074,12","29.200,92","29.011,65","104,75M","0,26%"
"19.12.2007","29.074,12","29.254,98","29.527,24","29.025,90","117,37M","-0,62%"
"18.12.2007","29.254,98","28.993,48","29.424,98","28.839,75","123,51M","0,99%"
"17.12.2007","28.968,20","29.994,16","29.994,16","28.895,59","123,39M","-3,42%"
"14.12.2007","29.994,90","30.084,97","30.164,65","29.768,85","69,39M","-0,31%"
"13.12.2007","30.088,04","30.303,51","30.303,51","29.686,94","124,46M","-0,79%"
"11.12.2007","30.327,36","31.184,28","31.426,39","30.319,83","126,87M","-2,74%"
"10.12.2007","31.182,75","31.269,84","31.452,97","31.097,48","108,31M","-0,27%"
"07.12.2007","31.268,36","31.257,23","31.408,24","31.128,72","135,09M","0,04%"
"06.12.2007","31.257,30","30.776,86","31.261,88","30.772,10","141,18M","1,61%"
"05.12.2007","30.761,64","30.025,58","30.790,51","30.025,58","187,17M","2,54%"
"04.12.2007","29.998,79","29.969,16","30.154,31","29.765,42","97,02M","0,10%"
"03.12.2007","29.968,53","29.770,52","29.971,58","29.580,77","88,11M","0,67%"
"30.11.2007","29.770,52","29.432,83","30.047,99","29.432,83","197,68M","1,26%"
"29.11.2007","29.399,92","29.276,39","29.740,81","29.195,86","112,28M","0,42%"
"28.11.2007","29.276,39","28.126,21","29.425,78","28.126,21","173,17M","4,10%"
"27.11.2007","28.124,65","27.888,83","28.213,30","27.647,47","102,41M","0,87%"
"26.11.2007","27.883,01","28.709,21","28.941,39","27.882,58","101,30M","-2,88%"
"23.11.2007","28.710,87","28.520,16","28.736,61","28.393,21","56,79M","0,67%"
"22.11.2007","28.520,16","28.417,73","28.619,25","28.417,73","12,45M","0,26%"
"21.11.2007","28.446,45","29.057,93","29.057,93","28.374,82","105,89M","-2,08%"
"20.11.2007","29.050,52","29.589,49","29.589,49","28.862,82","102,21M","-1,96%"
"16.11.2007","29.631,57","29.172,84","29.631,57","29.022,06","100,69M","1,58%"
"15.11.2007","29.170,90","29.639,60","29.775,00","29.013,46","132,07M","-1,63%"
"14.11.2007","29.655,68","29.484,78","30.196,89","29.484,78","183,48M","0,58%"
"13.11.2007","29.484,78","28.187,83","29.499,21","28.177,73","166,17M","4,61%"
"12.11.2007","28.185,90","29.158,71","29.158,71","28.167,73","134,01M","-3,34%"
"09.11.2007","29.158,86","29.287,88","29.299,67","28.790,14","176,49M","-0,45%"
"08.11.2007","29.289,72","29.586,76","29.834,33","28.813,51","197,76M","-0,99%"
"07.11.2007","29.582,21","30.428,55","30.428,55","29.574,07","126,48M","-2,79%"
"06.11.2007","30.430,50","30.163,81","30.499,85","30.158,02","145,39M","0,90%"
"05.11.2007","30.157,69","30.806,30","30.815,21","29.832,96","163,04M","-2,11%"
"01.11.2007","30.806,30","31.411,98","31.411,98","30.743,89","120,01M","-2,07%"
"31.10.2007","31.458,67","31.787,00","31.791,87","31.413,22","163,96M","-1,02%"
"30.10.2007","31.783,62","31.965,18","31.965,18","31.634,60","96,60M","-0,99%"
"29.10.2007","32.100,76","32.137,17","32.419,17","32.027,92","89,09M","-0,11%"
"26.10.2007","32.136,76","31.896,15","32.150,85","31.781,73","143,57M","0,79%"
"25.10.2007","31.886,10","32.050,48","32.087,18","31.557,38","175,93M","-0,51%"
"24.10.2007","32.048,18","32.232,19","32.232,19","31.660,93","136,79M","-0,56%"
"23.10.2007","32.229,44","31.969,48","32.386,18","31.969,48","115,28M","0,81%"
"22.10.2007","31.969,48","31.817,34","31.976,01","31.378,26","97,48M","0,46%"
"19.10.2007","31.823,40","32.836,12","32.836,12","31.814,44","160,45M","-3,08%"
"18.10.2007","32.836,12","32.721,72","32.851,14","32.523,82","136,51M","0,35%"
"17.10.2007","32.721,82","32.232,42","32.721,82","32.232,42","141,44M","1,52%"
"16.10.2007","32.230,82","32.335,86","32.335,86","31.973,19","113,38M","-0,32%"
"15.10.2007","32.335,86","32.473,47","32.654,71","32.217,25","117,59M","-0,42%"
"12.10.2007","32.473,47","31.991,73","32.501,99","31.991,73","125,89M","1,54%"
"11.10.2007","31.980,95","32.129,40","32.757,26","31.867,37","249,97M","-0,46%"
"10.10.2007","32.129,40","31.886,25","32.238,88","31.881,48","187,62M","1,03%"
"09.10.2007","31.801,69","31.825,98","32.096,72","31.758,92","135,63M","-0,07%"
"08.10.2007","31.825,51","31.530,23","31.828,89","31.422,67","103,46M","0,90%"
"05.10.2007","31.540,94","31.078,33","31.708,14","31.078,33","138,86M","1,49%"
"04.10.2007","31.078,33","31.178,84","31.369,17","30.833,50","158,14M","-0,32%"
"03.10.2007","31.178,84","31.427,32","31.588,76","31.177,49","158,74M","-0,87%"
"02.10.2007","31.451,79","30.864,86","31.531,85","30.864,86","216,54M","1,93%"
"01.10.2007","30.855,68","30.298,41","30.887,73","30.266,59","126,51M","1,85%"
"28.09.2007","30.296,19","30.528,00","30.551,99","30.248,15","134,17M","-0,76%"
"27.09.2007","30.528,00","30.303,18","30.591,34","30.303,18","137,18M","0,74%"
"26.09.2007","30.303,18","30.305,90","30.524,62","30.175,35","142,27M","0,03%"
"25.09.2007","30.294,77","30.539,62","30.539,62","30.269,92","111,28M","-0,81%"
"24.09.2007","30.543,45","30.585,60","30.753,88","30.417,70","96,49M","-0,13%"
"21.09.2007","30.583,07","30.485,75","30.722,94","30.356,58","121,56M","0,32%"
"20.09.2007","30.485,75","30.512,64","30.697,27","30.248,91","106,05M","-0,09%"
"19.09.2007","30.512,64","30.607,10","31.090,48","30.512,64","204,99M","-0,30%"
"18.09.2007","30.603,42","29.795,87","30.741,45","29.795,87","186,83M","2,72%"
"17.09.2007","29.794,49","30.080,42","30.222,13","29.573,59","79,73M","-1,00%"
"14.09.2007","30.096,03","30.291,51","30.389,02","30.091,49","87,97M","-0,68%"
"13.09.2007","30.302,23","30.076,33","30.513,48","30.063,78","97,28M","0,75%"
"12.09.2007","30.076,33","30.191,14","30.317,50","30.025,62","91,30M","-0,38%"
"11.09.2007","30.191,14","29.893,18","30.307,36","29.892,44","110,14M","1,00%"
"10.09.2007","29.893,18","30.252,77","30.265,54","29.683,26","94,63M","-1,19%"
"07.09.2007","30.252,77","30.816,20","30.816,20","30.064,14","110,88M","-1,83%"
"06.09.2007","30.816,95","30.809,55","30.977,15","30.757,02","90,42M","0,02%"
"05.09.2007","30.809,55","30.903,61","30.903,61","30.635,53","95,81M","-0,40%"
"04.09.2007","30.932,71","30.802,59","31.015,77","30.587,39","162,38M","0,44%"
"03.09.2007","30.797,60","30.347,86","30.799,13","30.347,86","36,50M","1,48%"
"31.08.2007","30.347,86","29.749,39","30.347,86","29.749,39","138,09M","2,03%"
"30.08.2007","29.744,07","29.710,78","29.970,48","29.488,47","120,37M","0,11%"
"29.08.2007","29.710,78","29.376,64","29.732,76","29.286,00","114,86M","1,31%"
"28.08.2007","29.326,76","30.264,20","30.264,20","29.240,79","150,26M","-3,13%"
"27.08.2007","30.275,84","30.050,46","30.278,50","29.868,15","84,80M","0,78%"
"24.08.2007","30.041,54","29.457,33","30.102,32","29.445,09","152,74M","1,97%"
"23.08.2007","29.459,82","29.270,11","29.609,81","29.270,11","122,40M","0,65%"
"22.08.2007","29.269,34","28.568,43","29.269,68","28.568,43","124,98M","2,45%"
"21.08.2007","28.568,43","28.453,55","28.724,21","28.241,45","99,53M","0,40%"
"20.08.2007","28.453,55","28.511,92","28.749,26","28.241,71","99,91M","-0,20%"
"17.08.2007","28.510,66","27.859,74","28.783,79","27.859,74","217,56M","2,58%"
"16.08.2007","27.793,16","28.137,23","28.137,23","26.445,84","259,59M","-1,24%"
"15.08.2007","28.140,73","28.885,83","29.030,30","27.987,31","154,23M","-2,61%"
"14.08.2007","28.895,73","29.638,58","29.748,06","28.847,93","111,14M","-2,40%"
"13.08.2007","29.607,20","29.449,55","29.884,64","29.449,55","102,83M","0,63%"
"10.08.2007","29.420,47","29.883,17","29.883,17","28.868,22","165,98M","-1,55%"
"09.08.2007","29.883,96","30.621,60","30.621,60","29.883,71","132,61M","-2,54%"
"08.08.2007","30.661,87","30.242,98","30.982,45","30.242,98","148,90M","1,40%"
"07.08.2007","30.239,92","29.721,63","30.308,47","29.665,31","139,16M","1,74%"
"06.08.2007","29.721,63","29.671,77","29.722,31","29.152,97","123,95M","0,17%"
"03.08.2007","29.671,77","30.372,62","30.411,49","29.671,77","97,26M","-2,38%"
"02.08.2007","30.394,81","30.062,14","30.569,07","30.062,14","148,29M","1,15%"
"01.08.2007","30.048,37","30.639,01","30.672,58","29.763,57","168,24M","-1,99%"
"31.07.2007","30.659,66","30.917,51","31.368,58","30.658,96","167,34M","-0,78%"
"30.07.2007","30.900,68","30.234,07","31.103,63","30.234,07","158,96M","2,20%"
"27.07.2007","30.235,17","29.996,60","30.402,45","29.815,04","183,63M","0,80%"
"26.07.2007","29.996,60","31.085,01","31.085,01","29.348,73","288,14M","-3,56%"
"25.07.2007","31.103,53","31.472,86","31.814,15","30.811,25","194,33M","-1,14%"
"24.07.2007","31.462,15","32.156,96","32.156,96","31.449,33","205,75M","-2,20%"
"23.07.2007","32.168,43","31.916,73","32.243,10","31.916,73","123,97M","0,77%"
"20.07.2007","31.922,62","32.150,65","32.150,65","31.792,62","155,85M","-0,71%"
"19.07.2007","32.150,65","31.905,09","32.187,98","31.894,92","126,71M","0,83%"
"18.07.2007","31.886,74","31.979,14","31.979,14","31.671,88","137,18M","-0,29%"
"17.07.2007","31.979,14","32.252,93","32.378,72","31.861,04","120,58M","-0,89%"
"16.07.2007","32.265,93","32.388,38","32.552,78","32.119,79","71,61M","-0,37%"
"13.07.2007","32.386,51","32.261,10","32.421,41","32.166,84","91,82M","0,39%"
"12.07.2007","32.261,10","31.920,37","32.311,40","31.920,07","127,43M","1,08%"
"11.07.2007","31.916,27","31.738,38","31.987,87","31.571,34","179,10M","0,55%"
"10.07.2007","31.743,02","32.080,43","32.081,43","31.680,62","138,54M","-1,08%"
"09.07.2007","32.088,25","32.411,84","32.538,09","32.064,74","143,48M","-1,00%"
"06.07.2007","32.411,84","32.177,79","32.555,36","32.146,21","142,53M","0,73%"
"05.07.2007","32.177,83","32.183,75","32.311,35","32.016,59","111,58M","-0,07%"
"04.07.2007","32.201,63","32.115,09","32.407,17","32.115,09","63,75M","0,26%"
"03.07.2007","32.117,83","31.420,95","32.117,85","31.410,74","142,02M","2,22%"
"02.07.2007","31.420,69","31.151,05","31.434,40","31.151,05","138,46M","0,87%"
"29.06.2007","31.151,05","31.037,23","31.377,78","30.927,58","119,48M","0,23%"
"28.06.2007","31.079,24","30.801,92","31.112,35","30.792,04","124,54M","0,89%"
"27.06.2007","30.804,21","30.646,95","30.892,44","30.267,00","177,51M","0,19%"
"26.06.2007","30.744,71","31.298,09","31.394,62","30.744,64","117,67M","-1,76%"
"25.06.2007","31.296,01","31.643,79","31.655,54","31.235,48","79,39M","-1,09%"
"22.06.2007","31.642,26","31.830,08","31.873,86","31.565,60","95,33M","-0,59%"
"21.06.2007","31.830,84","31.533,96","31.831,52","31.248,29","125,66M","0,89%"
"20.06.2007","31.550,76","32.134,16","32.256,44","31.505,48","150,53M","-1,60%"
"19.06.2007","32.064,99","32.156,32","32.156,61","31.913,63","121,02M","-0,48%"
"18.06.2007","32.218,17","32.128,97","32.382,35","32.109,05","89,66M","0,28%"
"15.06.2007","32.128,97","32.129,08","32.564,35","32.124,02","183,45M","0,05%"
"14.06.2007","32.114,09","31.884,06","32.216,61","31.884,06","145,29M","0,72%"
"13.06.2007","31.884,06","31.638,37","31.888,53","31.513,37","115,98M","0,87%"
"12.06.2007","31.608,59","31.831,77","31.885,04","31.448,06","116,79M","-0,71%"
"11.06.2007","31.833,44","31.466,60","31.916,76","31.444,99","97,86M","1,17%"
"08.06.2007","31.466,60","31.184,49","31.479,50","31.020,71","125,95M","0,90%"
"07.06.2007","31.184,49","31.669,55","31.870,86","30.647,24","155,10M","-1,57%"
"06.06.2007","31.681,76","32.271,38","32.273,81","31.588,45","124,94M","-1,83%"
"05.06.2007","32.271,38","32.096,21","32.274,51","31.816,65","113,05M","0,55%"
"04.06.2007","32.096,21","31.946,40","32.096,21","31.822,27","81,20M","0,47%"
"01.06.2007","31.946,40","31.402,97","31.950,44","31.380,59","205,13M","1,74%"
"31.05.2007","31.398,96","31.376,65","32.029,45","31.376,65","231,54M","0,06%"
"30.05.2007","31.380,00","30.575,22","31.383,96","30.324,37","183,61M","2,33%"
"29.05.2007","30.664,73","30.932,16","31.053,34","30.492,59","180,39M","-0,85%"
"28.05.2007","30.928,43","30.687,56","30.928,43","30.625,61","26,11M","0,74%"
"25.05.2007","30.700,01","30.338,58","30.700,35","30.338,58","135,08M","1,19%"
"24.05.2007","30.338,58","30.869,84","30.978,01","30.299,47","105,35M","-1,72%"
"23.05.2007","30.869,84","30.801,03","31.171,60","30.691,26","185,62M","0,22%"
"22.05.2007","30.802,25","30.707,27","30.802,44","30.566,23","104,80M","0,30%"
"21.05.2007","30.708,73","30.677,18","30.894,27","30.677,18","86,55M","0,11%"
"18.05.2007","30.676,34","30.490,31","30.879,14","30.490,31","125,24M","0,65%"
"17.05.2007","30.478,37","30.341,25","30.535,89","30.102,84","140,74M","0,45%"
"16.05.2007","30.341,25","29.618,58","30.341,25","29.611,31","160,77M","2,44%"
"15.05.2007","29.619,91","29.766,86","29.927,35","29.619,23","122,70M","-0,49%"
"14.05.2007","29.766,33","30.058,75","30.172,81","29.665,99","91,22M","-0,97%"
"11.05.2007","30.058,75","29.653,82","30.125,30","29.653,82","90,47M","1,37%"
"10.05.2007","29.653,82","29.992,08","29.993,15","29.637,60","128,56M","-1,13%"
"09.05.2007","29.992,83","29.572,70","29.992,87","29.551,76","93,49M","1,42%"
"08.05.2007","29.572,40","29.759,41","29.759,41","29.296,10","95,79M","-0,69%"
"07.05.2007","29.776,57","30.013,85","30.159,13","29.776,57","78,63M","-0,79%"
"04.05.2007","30.013,85","29.752,95","30.053,92","29.741,01","139,62M","0,88%"
"03.05.2007","29.752,95","29.267,91","29.755,46","29.267,91","144,57M","1,68%"
"02.05.2007","29.259,92","28.996,71","29.310,27","28.921,18","128,39M","0,91%"
"30.04.2007","28.996,71","29.363,98","29.413,52","28.988,80","90,07M","-1,28%"
"27.04.2007","29.372,93","29.352,74","29.376,22","28.738,22","165,22M","0,10%"
"26.04.2007","29.342,70","29.652,32","29.839,21","29.281,75","184,03M","-0,34%"
"25.04.2007","29.444,15","29.545,94","29.545,94","29.346,63","136,94M","-0,34%"
"24.04.2007","29.544,18","29.593,85","29.677,25","29.447,91","121,48M","-0,17%"
"23.04.2007","29.593,85","29.832,48","29.835,39","29.527,09","71,26M","-0,80%"
"20.04.2007","29.832,48","29.614,26","29.970,50","29.614,26","83,54M","0,74%"
"19.04.2007","29.614,05","29.558,75","29.615,78","29.117,04","92,97M","0,18%"
"18.04.2007","29.559,52","29.597,84","29.597,84","29.408,98","63,68M","-0,13%"
"17.04.2007","29.598,99","29.717,64","29.852,93","29.383,13","91,09M","-0,40%"
"16.04.2007","29.718,66","29.811,50","30.057,74","29.606,55","92,30M","-0,15%"
"13.04.2007","29.762,22","29.606,97","29.771,66","29.556,66","86,41M","0,52%"
"12.04.2007","29.606,97","29.278,75","29.664,16","28.990,49","153,65M","1,12%"
"11.04.2007","29.278,75","29.506,68","29.572,95","29.248,02","96,81M","-0,80%"
"10.04.2007","29.515,64","29.668,76","29.938,68","29.515,64","147,40M","-0,39%"
"09.04.2007","29.632,20","29.366,51","29.726,23","29.366,51","78,48M","0,89%"
"04.04.2007","29.370,94","29.348,09","29.427,61","29.203,05","70,74M","0,08%"
"03.04.2007","29.348,09","29.171,52","29.516,61","29.171,52","117,00M","0,61%"
"02.04.2007","29.171,52","28.749,46","29.268,40","28.746,75","131,64M","1,47%"
"30.03.2007","28.747,69","28.704,24","28.756,47","28.487,59","142,32M","0,15%"
"29.03.2007","28.704,24","28.099,47","28.704,24","28.099,47","167,30M","2,16%"
"28.03.2007","28.098,28","28.107,92","28.161,34","27.811,04","111,00M","-0,09%"
"27.03.2007","28.124,33","28.158,97","28.164,41","27.853,66","121,93M","-0,12%"
"26.03.2007","28.158,97","28.272,03","28.325,51","28.020,62","71,20M","-0,40%"
"23.03.2007","28.272,03","28.283,00","28.391,52","28.212,70","95,16M","0,05%"
"22.03.2007","28.258,80","28.231,65","28.390,73","28.134,77","156,88M","0,14%"
"21.03.2007","28.219,55","27.408,72","28.229,73","27.408,72","220,32M","2,96%"
"20.03.2007","27.407,46","26.901,42","27.409,74","26.901,42","122,85M","1,88%"
"16.03.2007","26.901,42","26.883,53","26.944,97","26.657,09","86,82M","0,07%"
"15.03.2007","26.883,53","26.718,44","26.998,51","26.685,03","81,39M","0,61%"
"14.03.2007","26.719,32","26.588,57","26.745,32","26.295,33","136,17M","0,49%"
"13.03.2007","26.589,20","27.259,55","27.259,55","26.568,63","131,98M","-2,46%"
"12.03.2007","27.261,17","27.105,13","27.261,28","26.927,31","74,25M","0,57%"
"09.03.2007","27.106,53","26.773,62","27.118,05","26.752,63","119,18M","1,24%"
"08.03.2007","26.773,79","26.207,50","26.776,20","26.207,50","126,53M","2,25%"
"07.03.2007","26.184,39","26.355,64","26.566,28","26.184,39","98,69M","-0,65%"
"06.03.2007","26.355,64","25.806,27","26.432,39","25.806,27","116,34M","2,20%"
"05.03.2007","25.788,37","26.319,73","26.352,85","25.780,58","135,09M","-2,02%"
"02.03.2007","26.321,12","26.642,25","26.801,48","26.320,97","125,17M","-1,23%"
"01.03.2007","26.647,65","26.581,59","26.689,80","25.691,58","196,23M","0,03%"
"28.02.2007","26.638,95","26.420,64","26.804,79","26.320,26","225,40M","0,83%"
"27.02.2007","26.418,82","28.040,66","28.040,66","26.418,82","332,63M","-5,80%"
"26.02.2007","28.046,16","28.505,72","28.639,13","28.029,18","134,84M","-1,61%"
"23.02.2007","28.505,72","28.676,51","28.691,46","28.353,48","114,42M","-0,60%"
"22.02.2007","28.676,48","28.715,96","28.940,11","28.505,58","129,33M","-0,14%"
"21.02.2007","28.715,96","28.594,02","28.715,96","28.425,65","189,29M","0,44%"
"20.02.2007","28.589,66","28.590,46","28.646,16","28.355,92","130,14M","-0,00%"
"19.02.2007","28.590,17","28.491,07","28.601,23","28.491,07","211,63M","0,35%"
"16.02.2007","28.491,07","28.500,20","28.525,99","28.301,32","102,28M","-0,03%"
"15.02.2007","28.498,75","28.539,69","28.619,23","28.388,85","145,61M","-0,14%"
"14.02.2007","28.539,69","28.262,65","28.678,31","28.256,41","187,20M","0,98%"
"13.02.2007","28.262,65","27.972,69","28.278,97","27.866,43","176,90M","1,04%"
"12.02.2007","27.972,23","27.906,89","27.975,73","27.624,97","119,11M","0,23%"
"09.02.2007","27.906,89","28.228,71","28.346,01","27.862,63","164,35M","-1,03%"
"08.02.2007","28.197,26","28.225,34","28.291,49","27.921,28","276,77M","0,26%"
"07.02.2007","28.123,76","28.067,29","28.293,44","28.012,26","157,97M","0,20%"
"06.02.2007","28.067,40","27.926,42","28.139,72","27.923,74","150,35M","0,48%"
"02.02.2007","27.933,07","27.842,62","28.005,95","27.818,04","128,90M","0,32%"
"01.02.2007","27.842,76","27.561,49","27.945,30","27.561,49","181,71M","1,02%"
"31.01.2007","27.561,49","27.136,72","27.621,98","27.074,00","180,00M","1,57%"
"30.01.2007","27.135,37","26.838,18","27.154,18","26.823,62","145,67M","1,12%"
"29.01.2007","26.834,05","27.036,86","27.036,86","26.721,50","137,73M","-0,78%"
"26.01.2007","27.045,71","26.899,34","27.049,72","26.595,70","174,05M","0,54%"
"25.01.2007","26.899,34","27.341,48","27.453,92","26.793,70","153,88M","-1,61%"
"24.01.2007","27.338,30","26.813,69","27.338,37","26.813,69","249,13M","1,97%"
"23.01.2007","26.810,00","26.432,63","26.811,12","26.419,22","164,10M","1,43%"
"22.01.2007","26.432,25","26.213,27","26.432,25","26.042,06","124,94M","0,83%"
"19.01.2007","26.213,38","26.112,87","26.304,51","25.939,44","137,02M","0,38%"
"18.01.2007","26.112,87","26.556,66","26.594,60","26.112,80","155,64M","-1,68%"
"17.01.2007","26.558,50","26.480,33","26.610,61","26.381,94","133,66M","0,30%"
"16.01.2007","26.480,33","26.479,83","26.487,17","26.333,56","91,07M","0,00%"
"15.01.2007","26.480,03","26.324,38","26.484,06","26.313,02","27,72M","0,59%"
"12.01.2007","26.324,38","26.247,90","26.335,29","26.091,36","100,07M","0,29%"
"11.01.2007","26.247,90","25.882,74","26.290,70","25.851,15","140,54M","1,40%"
"10.01.2007","25.885,80","25.780,84","25.954,13","25.400,33","138,08M","0,40%"
"09.01.2007","25.783,04","26.287,22","26.342,47","25.627,93","180,99M","-1,90%"
"08.01.2007","26.281,64","26.135,60","26.282,39","26.071,66","122,18M","0,56%"
"05.01.2007","26.135,60","26.566,28","26.566,28","26.112,77","105,58M","-1,62%"
"04.01.2007","26.566,28","26.622,11","26.623,06","26.335,42","103,65M","-0,20%"
"03.01.2007","26.619,37","26.666,84","26.699,10","26.319,50","134,66M","-0,17%"
"02.01.2007","26.664,45","26.448,32","26.666,92","26.448,32","37,69M","0,82%"
"29.12.2006","26.448,32","26.295,21","26.450,45","26.284,66","50,41M","0,58%"
"28.12.2006","26.295,21","26.196,66","26.424,21","26.188,70","57,06M","0,38%"
"27.12.2006","26.196,66","25.706,63","26.204,88","25.706,63","68,13M","1,91%"
"26.12.2006","25.705,04","25.432,64","25.720,26","25.423,88","35,47M","1,07%"
"22.12.2006","25.432,64","25.546,82","25.563,84","25.265,10","48,39M","-0,45%"
"21.12.2006","25.546,82","25.389,81","25.549,26","25.336,05","191,90M","0,60%"
"20.12.2006","25.394,69","25.621,50","25.683,23","25.377,53","142,52M","-0,89%"
"19.12.2006","25.621,50","25.857,19","25.857,19","25.397,94","117,56M","-0,91%"
"18.12.2006","25.857,44","25.757,97","26.035,86","25.757,97","97,99M","0,39%"
"15.12.2006","25.757,68","25.871,76","26.091,13","25.756,59","173,96M","-0,41%"
"14.12.2006","25.863,39","25.690,39","25.935,31","25.660,16","120,84M","0,67%"
"13.12.2006","25.690,39","25.828,48","25.948,92","25.663,54","131,40M","-0,53%"
"11.12.2006","25.828,48","25.756,81","25.847,42","25.649,36","83,34M","0,28%"
"08.12.2006","25.756,81","25.634,54","25.776,70","25.555,37","95,07M","0,46%"
"07.12.2006","25.639,31","25.614,65","25.891,16","25.585,66","140,97M","0,09%"
"06.12.2006","25.615,85","25.587,56","25.634,63","25.328,01","146,58M","0,09%"
"05.12.2006","25.593,92","25.207,48","25.605,19","25.207,48","160,59M","1,53%"
"04.12.2006","25.207,48","24.962,01","25.207,67","24.878,19","124,26M","0,98%"
"30.11.2006","24.962,01","24.776,09","25.006,36","24.636,79","135,67M","0,75%"
"29.11.2006","24.776,09","24.353,32","24.782,77","24.353,32","132,63M","1,77%"
"28.11.2006","24.344,95","24.446,95","24.446,95","24.017,21","125,33M","-0,40%"
"27.11.2006","24.442,79","24.792,89","24.830,86","24.333,88","92,88M","-1,41%"
"24.11.2006","24.792,89","24.725,24","24.857,95","24.663,25","56,74M","0,25%"
"23.11.2006","24.730,01","24.674,89","24.730,01","24.656,16","12,90M","0,22%"
"22.11.2006","24.674,75","24.585,68","24.725,96","24.585,64","107,32M","0,36%"
"21.11.2006","24.585,68","24.196,05","24.617,37","24.196,05","155,18M","1,61%"
"17.11.2006","24.196,05","24.266,03","24.268,82","24.052,10","97,52M","-0,29%"
"16.11.2006","24.266,03","24.315,60","24.400,99","24.265,57","107,63M","-0,20%"
"15.11.2006","24.315,60","24.288,06","24.316,12","24.079,95","106,54M","0,11%"
"14.11.2006","24.288,06","24.188,59","24.458,76","24.151,93","154,82M","0,41%"
"13.11.2006","24.188,59","23.951,63","24.191,36","23.917,50","91,46M","0,99%"
"10.11.2006","23.951,63","23.941,80","23.985,48","23.808,34","145,79M","0,04%"
"09.11.2006","23.941,80","23.930,64","24.077,58","23.872,49","135,42M","0,05%"
"08.11.2006","23.930,64","23.585,14","23.931,27","23.560,97","117,02M","1,46%"
"07.11.2006","23.585,14","23.733,07","24.101,72","23.472,73","142,27M","-0,62%"
"06.11.2006","23.733,07","23.169,87","23.733,07","23.169,87","119,47M","2,43%"
"03.11.2006","23.169,87","23.042,28","23.180,15","22.880,13","108,48M","0,55%"
"01.11.2006","23.042,28","23.046,95","23.363,12","23.040,21","127,38M","-0,02%"
"31.10.2006","23.046,95","22.370,09","23.047,65","22.370,09","170,37M","3,03%"
"30.10.2006","22.370,09","22.762,86","22.788,01","22.339,28","144,56M","-1,73%"
"27.10.2006","22.762,86","23.361,42","23.361,42","22.759,57","146,95M","-2,56%"
"26.10.2006","23.361,42","23.397,69","23.461,49","23.277,09","116,10M","-0,16%"
"25.10.2006","23.397,69","23.397,69","23.397,69","23.397,69","-","0,51%"
"24.10.2006","23.279,77","23.321,41","23.379,16","23.196,74","93,51M","-0,18%"
"23.10.2006","23.321,41","23.233,88","23.322,58","23.208,60","85,17M","0,38%"
"20.10.2006","23.233,48","23.157,38","23.282,92","22.974,49","94,45M","0,28%"
"19.10.2006","23.168,52","23.012,87","23.168,55","22.905,71","129,89M","0,68%"
"18.10.2006","23.012,87","22.811,27","23.048,94","22.811,27","114,53M","0,94%"
"17.10.2006","22.799,42","22.950,18","22.950,18","22.606,68","124,46M","-0,66%"
"16.10.2006","22.950,18","22.847,69","23.047,98","22.827,41","94,35M","0,45%"
"13.10.2006","22.848,32","22.662,42","23.000,56","22.660,83","163,37M","0,82%"
"12.10.2006","22.661,82","22.387,17","22.710,78","22.387,17","171,29M","1,23%"
"11.10.2006","22.387,08","22.524,11","22.640,04","22.386,86","135,38M","-0,61%"
"10.10.2006","22.523,56","22.313,42","22.528,82","22.302,28","102,39M","0,94%"
"09.10.2006","22.313,42","22.350,05","22.480,28","22.313,42","76,82M","-0,16%"
"06.10.2006","22.350,05","22.333,56","22.525,44","22.198,97","94,25M","0,10%"
"05.10.2006","22.326,86","22.105,82","22.391,04","22.105,19","171,42M","1,00%"
"04.10.2006","22.105,97","21.621,24","22.106,65","21.621,24","171,13M","2,20%"
"03.10.2006","21.631,00","21.619,96","21.700,49","21.479,07","98,01M","0,05%"
"02.10.2006","21.619,96","21.933,93","21.934,50","21.618,48","116,36M","-1,45%"
"29.09.2006","21.937,11","21.857,78","21.937,51","21.795,12","98,62M","0,38%"
"28.09.2006","21.854,48","21.748,57","21.872,51","21.717,61","109,77M","0,49%"
"27.09.2006","21.748,57","21.793,89","21.946,43","21.692,93","122,87M","-0,20%"
"26.09.2006","21.792,30","21.674,74","21.846,48","21.674,24","106,62M","0,54%"
"25.09.2006","21.674,74","21.390,43","21.674,92","21.155,26","108,59M","1,33%"
"22.09.2006","21.390,43","21.498,09","21.498,09","21.105,13","120,82M","-0,50%"
"21.09.2006","21.498,09","21.847,72","21.892,95","21.465,82","115,32M","-1,57%"
"20.09.2006","21.841,45","21.660,93","21.932,00","21.660,93","144,81M","0,84%"
"19.09.2006","21.659,02","21.666,07","21.729,72","21.376,82","117,13M","-0,03%"
"18.09.2006","21.666,07","21.549,14","21.812,98","21.525,44","128,75M","0,54%"
"15.09.2006","21.548,87","21.328,79","21.637,02","21.328,79","144,38M","1,01%"
"14.09.2006","21.334,02","21.320,12","21.441,30","21.195,27","148,21M","0,06%"
"13.09.2006","21.320,21","21.102,72","21.365,59","21.078,82","107,08M","1,03%"
"12.09.2006","21.102,77","20.612,89","21.105,16","20.598,49","125,20M","2,38%"
"11.09.2006","20.612,89","20.791,05","20.804,20","20.481,70","97,88M","-0,88%"
"08.09.2006","20.795,82","20.844,36","20.902,87","20.732,48","75,64M","-0,18%"
"07.09.2006","20.833,23","20.960,47","20.993,06","20.590,41","119,31M","-0,63%"
"06.09.2006","20.965,24","21.256,11","21.256,11","20.963,38","105,09M","-1,37%"
"05.09.2006","21.256,11","21.404,70","21.493,22","21.166,94","112,87M","-0,61%"
"04.09.2006","21.385,63","21.192,26","21.387,47","21.164,24","19,59M","0,91%"
"01.09.2006","21.192,26","21.057,30","21.306,15","21.049,51","91,42M","0,68%"
"31.08.2006","21.049,35","21.344,97","21.352,38","21.047,76","139,46M","-1,32%"
"30.08.2006","21.331,09","21.285,36","21.423,02","21.258,42","126,80M","0,23%"
"29.08.2006","21.282,08","21.230,96","21.301,61","21.155,16","122,59M","0,25%"
"28.08.2006","21.228,87","20.994,94","21.261,95","20.922,20","96,97M","1,11%"
"25.08.2006","20.994,94","20.751,45","21.042,32","20.712,16","93,67M","1,17%"
"24.08.2006","20.751,45","20.742,99","20.809,93","20.558,54","95,77M","0,04%"
"23.08.2006","20.742,44","20.987,25","21.019,87","20.630,60","133,31M","-1,16%"
"22.08.2006","20.986,89","20.856,79","20.999,63","20.776,55","86,95M","0,60%"
"21.08.2006","20.861,56","21.046,63","21.046,99","20.744,44","67,18M","-0,88%"
"18.08.2006","21.046,63","20.974,21","21.053,71","20.760,53","103,10M","0,36%"
"17.08.2006","20.971,78","20.904,70","21.017,16","20.778,13","134,82M","0,34%"
"16.08.2006","20.900,00","20.547,46","20.900,25","20.547,46","127,91M","1,73%"
"15.08.2006","20.544,44","20.314,33","20.544,44","20.314,33","91,32M","1,25%"
"14.08.2006","20.290,49","20.274,90","20.379,75","20.197,38","72,87M","0,08%"
"11.08.2006","20.273,86","20.048,18","20.273,86","19.955,60","78,14M","1,13%"
"10.08.2006","20.048,18","20.051,94","20.052,98","19.868,47","93,52M","-0,07%"
"09.08.2006","20.062,37","20.342,46","20.538,35","20.062,37","97,81M","-1,38%"
"08.08.2006","20.342,78","20.417,26","20.582,87","20.306,90","102,17M","-0,34%"
"07.08.2006","20.412,49","20.351,51","20.414,08","20.170,96","64,82M","0,28%"
"04.08.2006","20.354,99","20.269,56","20.712,91","20.268,23","96,77M","0,46%"
"03.08.2006","20.261,81","20.132,38","20.358,41","20.024,03","80,73M","0,58%"
"02.08.2006","20.145,10","19.984,33","20.214,73","19.960,38","78,08M","0,86%"
"01.08.2006","19.973,20","20.093,73","20.096,61","19.889,34","90,26M","-0,61%"
"31.07.2006","20.095,93","20.252,33","20.253,92","20.007,53","89,16M","-0,77%"
"28.07.2006","20.252,33","20.138,79","20.374,46","20.071,44","139,06M","0,56%"
"27.07.2006","20.138,79","19.947,34","20.302,08","19.947,34","172,49M","1,13%"
"26.07.2006","19.913,19","20.082,69","20.090,12","19.884,01","123,59M","-0,84%"
"25.07.2006","20.082,00","19.967,33","20.082,05","19.800,03","114,03M","0,72%"
"24.07.2006","19.938,70","19.568,72","19.938,85","19.548,85","95,21M","2,11%"
"21.07.2006","19.527,37","19.510,52","19.527,58","19.197,80","83,53M","0,09%"
"20.07.2006","19.510,52","19.878,72","19.992,09","19.504,93","104,48M","-1,82%"
"19.07.2006","19.871,78","18.901,64","19.871,78","18.901,51","166,22M","5,22%"
"18.07.2006","18.885,67","18.437,98","18.889,88","18.437,98","102,25M","2,43%"
"17.07.2006","18.437,98","18.325,48","18.559,89","18.244,28","70,16M","0,60%"
"14.07.2006","18.328,66","18.710,68","18.747,13","18.326,21","92,82M","-2,12%"
"13.07.2006","18.725,26","19.388,55","19.388,55","18.712,69","99,30M","-3,57%"
"12.07.2006","19.419,44","19.570,25","19.664,04","19.338,52","70,15M","-0,77%"
"11.07.2006","19.570,21","19.682,65","19.698,85","19.217,77","103,48M","-0,66%"
"10.07.2006","19.700,15","19.829,64","19.899,89","19.545,84","71,78M","-0,65%"
"07.07.2006","19.829,60","20.047,62","20.049,22","19.764,37","82,68M","-1,09%"
"06.07.2006","20.047,62","19.515,95","20.248,44","19.515,95","129,72M","2,73%"
"05.07.2006","19.514,62","20.287,51","20.287,51","19.501,44","151,06M","-4,01%"
"04.07.2006","20.329,49","20.060,82","20.532,30","20.060,82","77,96M","1,34%"
"03.07.2006","20.060,82","19.147,17","20.061,45","19.134,20","153,64M","4,77%"
"30.06.2006","19.147,17","18.909,11","19.244,93","18.908,03","135,33M","1,26%"
"29.06.2006","18.908,33","18.133,68","18.975,79","18.133,68","140,75M","4,46%"
"28.06.2006","18.101,83","18.022,59","18.125,64","17.837,92","70,66M","0,45%"
"27.06.2006","18.021,47","18.491,40","18.548,06","18.020,16","82,43M","-2,54%"
"26.06.2006","18.491,40","18.546,90","18.603,08","18.349,45","76,15M","-0,29%"
"23.06.2006","18.545,73","18.188,40","18.610,22","18.092,10","88,96M","1,96%"
"22.06.2006","18.188,40","18.156,21","18.268,17","18.060,60","75,90M","0,18%"
"21.06.2006","18.156,21","17.781,28","18.359,44","17.772,53","119,34M","2,11%"
"20.06.2006","17.781,28","17.588,26","17.928,24","17.561,44","91,25M","1,13%"
"19.06.2006","17.581,88","18.041,91","18.132,50","17.581,88","85,41M","-2,55%"
"16.06.2006","18.041,79","17.926,79","18.179,14","17.655,73","144,61M","0,61%"
"15.06.2006","17.932,33","16.804,14","17.952,60","16.804,14","192,51M","6,73%"
"14.06.2006","16.802,10","16.674,22","16.870,41","16.464,62","209,50M","0,89%"
"13.06.2006","16.653,15","16.957,58","17.019,54","16.546,86","210,44M","-1,96%"
"12.06.2006","16.986,27","17.758,30","17.766,43","16.969,79","128,38M","-4,30%"
"09.06.2006","17.748,74","18.257,85","18.466,98","17.747,17","114,12M","-2,79%"
"08.06.2006","18.257,64","18.413,44","18.413,44","17.827,07","205,15M","-0,85%"
"07.06.2006","18.413,44","18.809,43","18.827,86","18.413,44","127,39M","-2,05%"
"06.06.2006","18.798,28","18.954,92","18.954,92","18.501,46","120,49M","-0,83%"
"05.06.2006","18.954,92","19.439,31","19.509,68","18.950,82","98,49M","-2,40%"
"02.06.2006","19.421,73","19.129,50","19.466,32","19.129,50","157,34M","1,53%"
"01.06.2006","19.128,63","18.703,90","19.147,06","18.615,96","180,97M","2,41%"
"31.05.2006","18.677,92","18.841,34","19.005,76","18.466,55","296,95M","-0,87%"
"30.05.2006","18.841,34","19.512,63","19.512,63","18.799,64","136,52M","-3,38%"
"29.05.2006","19.500,54","19.585,21","19.642,65","19.461,50","18,91M","-0,43%"
"26.05.2006","19.585,21","19.440,45","19.778,56","19.424,78","120,94M","0,92%"
"25.05.2006","19.405,71","18.850,53","19.405,71","18.850,53","130,06M","3,19%"
"24.05.2006","18.805,57","19.085,70","19.127,96","18.545,21","183,27M","-1,46%"
"23.05.2006","19.084,83","19.395,01","19.730,67","19.082,95","183,03M","-1,47%"
"22.05.2006","19.369,29","20.133,12","20.133,12","19.234,94","203,65M","-4,03%"
"19.05.2006","20.182,14","20.217,09","20.269,39","19.703,00","167,40M","-0,17%"
"18.05.2006","20.217,02","20.277,78","20.388,33","20.137,30","151,63M","-0,22%"
"17.05.2006","20.261,86","20.828,60","20.828,60","20.217,34","164,24M","-2,83%"
"16.05.2006","20.851,06","20.723,37","20.925,15","20.666,82","112,36M","0,62%"
"15.05.2006","20.722,13","21.126,57","21.126,57","20.719,00","100,82M","-2,05%"
"12.05.2006","21.154,90","21.427,11","21.427,11","20.862,96","119,52M","-1,31%"
"11.05.2006","21.435,27","21.789,23","21.828,81","21.357,98","126,55M","-1,59%"
"10.05.2006","21.781,07","21.822,93","21.917,51","21.674,67","110,34M","-0,19%"
"09.05.2006","21.822,93","21.608,67","21.824,34","21.537,24","138,87M","0,99%"
"08.05.2006","21.608,67","21.237,45","21.608,67","21.221,80","113,14M","1,75%"
"05.05.2006","21.237,45","21.309,98","21.523,55","21.237,45","137,62M","-0,26%"
"04.05.2006","21.293,66","21.153,80","21.372,18","21.153,80","188,20M","0,64%"
"03.05.2006","21.159,16","21.081,42","21.289,61","20.804,65","154,75M","0,38%"
"02.05.2006","21.079,87","20.667,85","21.081,79","20.667,85","163,19M","2,10%"
"28.04.2006","20.646,19","20.391,62","20.682,03","20.391,62","118,96M","1,25%"
"27.04.2006","20.390,62","20.566,91","20.599,60","20.357,52","106,92M","-0,86%"
"26.04.2006","20.566,91","20.383,05","20.702,56","20.383,05","143,37M","1,01%"
"25.04.2006","20.360,61","20.201,90","20.387,84","20.183,65","174,11M","0,80%"
"24.04.2006","20.198,71","20.174,64","20.238,88","19.944,62","82,11M","0,12%"
"21.04.2006","20.174,64","19.979,54","20.287,55","19.963,23","126,54M","0,98%"
"20.04.2006","19.979,54","19.937,32","20.081,49","19.913,96","127,69M","0,23%"
"19.04.2006","19.933,09","19.820,12","19.966,93","19.774,64","109,70M","0,57%"
"18.04.2006","19.820,07","19.632,34","19.887,79","19.632,34","152,55M","0,96%"
"17.04.2006","19.632,34","19.350,33","19.670,26","19.343,93","128,66M","1,60%"
"12.04.2006","19.322,62","19.470,39","19.502,22","19.322,62","69,04M","-0,73%"
"11.04.2006","19.465,15","19.546,43","19.552,67","19.355,29","94,12M","-0,43%"
"10.04.2006","19.548,35","19.473,44","19.646,55","19.473,44","72,95M","0,39%"
"07.04.2006","19.472,36","19.869,71","19.945,35","19.426,34","116,43M","-2,00%"
"06.04.2006","19.869,71","19.930,63","20.069,56","19.791,74","144,80M","-0,31%"
"05.04.2006","19.930,63","19.764,08","19.930,67","19.679,08","129,67M","0,84%"
"04.04.2006","19.764,08","19.624,01","19.805,08","19.602,24","121,70M","0,66%"
"03.04.2006","19.634,21","19.284,87","19.687,02","19.284,87","137,28M","1,88%"
"31.03.2006","19.272,63","19.214,33","19.300,24","19.094,74","114,18M","0,31%"
"30.03.2006","19.214,00","19.133,91","19.337,06","19.133,91","105,42M","0,43%"
"29.03.2006","19.132,34","18.934,06","19.135,78","18.900,07","143,20M","1,07%"
"28.03.2006","18.929,98","19.212,67","19.241,86","18.928,30","102,57M","-1,54%"
"27.03.2006","19.226,32","19.339,30","19.359,68","19.226,32","60,66M","-0,58%"
"24.03.2006","19.339,30","19.261,62","19.371,03","19.110,72","80,79M","0,43%"
"23.03.2006","19.255,87","19.598,11","19.675,66","19.253,56","94,16M","-1,75%"
"22.03.2006","19.598,11","19.530,14","19.600,22","19.310,44","110,28M","0,09%"
"20.03.2006","19.581,12","19.345,60","19.604,44","19.345,60","86,31M","1,22%"
"17.03.2006","19.345,80","19.176,20","19.429,79","19.148,86","129,88M","0,94%"
"16.03.2006","19.166,43","19.003,97","19.235,02","18.920,06","132,69M","0,88%"
"15.03.2006","18.999,64","18.941,04","19.210,35","18.941,04","165,74M","0,31%"
"14.03.2006","18.941,04","18.707,63","18.967,52","18.668,94","117,78M","1,26%"
"13.03.2006","18.706,19","18.420,17","18.719,85","18.419,49","93,98M","1,55%"
"10.03.2006","18.420,17","18.316,25","18.493,00","18.228,60","133,21M","0,60%"
"09.03.2006","18.310,57","18.414,58","18.652,97","18.252,26","126,63M","-0,48%"
"08.03.2006","18.398,82","18.553,11","18.589,23","18.190,94","159,57M","-0,82%"
"07.03.2006","18.551,07","18.992,39","18.992,39","18.364,13","187,60M","-2,32%"
"06.03.2006","18.991,46","19.190,09","19.446,40","18.969,80","130,00M","-1,03%"
"03.03.2006","19.189,25","19.113,19","19.210,14","19.022,19","81,25M","0,46%"
"02.03.2006","19.102,33","19.078,15","19.182,10","18.982,68","103,68M","0,23%"
"01.03.2006","19.058,74","18.706,32","19.151,51","18.704,60","145,03M","1,88%"
"28.02.2006","18.706,32","18.860,11","18.860,11","18.519,13","145,80M","-0,79%"
"27.02.2006","18.854,67","19.117,23","19.134,86","18.831,97","70,31M","-1,29%"
"24.02.2006","19.100,89","19.115,54","19.165,99","18.883,20","83,67M","-0,09%"
"23.02.2006","19.117,72","18.781,11","19.117,72","18.727,46","144,55M","1,80%"
"22.02.2006","18.780,46","18.495,22","18.780,46","18.495,22","129,94M","1,53%"
"21.02.2006","18.497,38","18.562,96","18.693,30","18.493,07","103,78M","-0,24%"
"20.02.2006","18.542,58","18.480,78","18.574,27","18.437,97","7,56M","0,33%"
"17.02.2006","18.480,78","18.457,65","18.507,30","18.407,35","98,50M","0,13%"
"16.02.2006","18.457,24","18.169,16","18.519,99","18.169,16","172,32M","1,59%"
"15.02.2006","18.169,16","18.018,50","18.266,70","17.999,48","132,96M","0,81%"
"14.02.2006","18.023,01","17.927,09","18.076,33","17.789,33","119,14M","0,78%"
"13.02.2006","17.883,63","18.292,54","18.298,72","17.817,73","138,79M","-2,27%"
"10.02.2006","18.298,58","18.529,10","18.535,33","18.166,14","125,40M","-1,19%"
"09.02.2006","18.518,33","18.410,24","18.639,99","18.380,86","105,80M","0,59%"
"08.02.2006","18.410,24","18.669,45","18.993,50","18.410,24","192,14M","-1,37%"
"07.02.2006","18.665,06","18.885,63","18.885,63","18.625,30","111,38M","-1,05%"
"03.02.2006","18.862,18","19.061,03","19.070,74","18.709,86","113,15M","-1,04%"
"02.02.2006","19.060,38","19.162,38","19.211,22","18.961,24","128,53M","-0,53%"
"01.02.2006","19.162,38","18.907,10","19.162,38","18.868,33","148,68M","1,35%"
"31.01.2006","18.907,10","18.850,79","18.957,93","18.751,43","116,02M","0,31%"
"30.01.2006","18.849,24","18.967,64","18.985,05","18.761,37","105,77M","-0,57%"
"27.01.2006","18.956,50","19.222,88","19.447,62","18.943,73","126,66M","-1,35%"
"26.01.2006","19.216,75","18.880,68","19.248,00","18.880,68","129,82M","1,86%"
"25.01.2006","18.866,37","18.875,86","19.022,54","18.866,37","137,40M","-0,05%"
"24.01.2006","18.875,41","18.447,11","18.909,29","18.447,11","170,62M","2,32%"
"23.01.2006","18.447,11","18.346,16","18.448,43","18.208,46","90,52M","0,55%"
"20.01.2006","18.346,23","18.514,61","18.612,15","18.346,23","86,12M","-0,95%"
"19.01.2006","18.521,45","18.276,79","18.587,78","18.276,79","106,14M","1,40%"
"18.01.2006","18.265,96","18.413,98","18.413,98","18.118,68","121,58M","-1,21%"
"17.01.2006","18.489,63","18.955,92","18.955,92","18.472,64","128,29M","-2,47%"
"16.01.2006","18.958,29","18.889,20","18.993,33","18.858,52","15,79M","0,37%"
"13.01.2006","18.889,20","18.924,51","18.924,51","18.750,91","158,50M","-0,19%"
"12.01.2006","18.925,01","19.152,40","19.168,57","18.842,25","120,56M","-1,23%"
"11.01.2006","19.160,44","18.914,31","19.168,12","18.914,31","115,79M","1,31%"
"10.01.2006","18.912,38","18.998,83","18.998,83","18.815,74","102,57M","-0,46%"
"09.01.2006","18.998,83","18.736,78","18.999,03","18.677,40","90,73M","1,40%"
"06.01.2006","18.736,78","18.608,34","18.786,27","18.575,75","63,64M","0,69%"
"05.01.2006","18.608,34","18.669,23","18.768,74","18.592,69","103,49M","-0,33%"
"04.01.2006","18.669,23","18.501,95","18.687,84","18.501,95","132,99M","0,91%"
"03.01.2006","18.500,69","17.925,45","18.503,19","17.925,45","127,47M","3,21%"
"02.01.2006","17.925,70","17.802,71","17.926,97","17.786,24","8,89M","0,69%"
"30.12.2005","17.802,71","17.832,53","17.832,53","17.687,93","47,65M","-0,17%"
"29.12.2005","17.832,80","17.685,45","17.849,64","17.670,30","46,26M","0,80%"
"28.12.2005","17.690,70","17.832,74","17.834,42","17.639,46","43,13M","-0,80%"
"27.12.2005","17.832,64","17.777,88","17.848,46","17.777,49","30,37M","0,31%"
"26.12.2005","17.776,88","17.802,28","17.813,91","17.772,09","4,04M","-0,14%"
"23.12.2005","17.802,28","17.768,90","17.816,31","17.764,75","33,87M","0,19%"
"22.12.2005","17.768,90","17.781,51","17.831,25","17.661,23","74,04M","-0,07%"
"21.12.2005","17.781,51","17.678,70","17.887,38","17.625,64","87,71M","0,57%"
"20.12.2005","17.680,95","17.668,45","17.689,52","17.514,61","76,11M","0,08%"
"19.12.2005","17.666,41","17.740,83","17.835,69","17.664,68","77,91M","-0,40%"
"16.12.2005","17.737,59","17.922,47","17.961,54","17.630,30","148,26M","-1,03%"
"15.12.2005","17.922,47","18.055,04","18.179,58","17.841,07","122,50M","-0,73%"
"14.12.2005","18.054,03","17.821,22","18.078,51","17.821,22","116,52M","1,32%"
"13.12.2005","17.819,68","17.583,09","17.868,32","17.583,09","112,06M","1,51%"
"09.12.2005","17.554,48","17.208,86","17.576,95","17.202,54","97,53M","2,00%"
"08.12.2005","17.211,02","17.233,97","17.298,27","17.129,22","94,86M","-0,19%"
"07.12.2005","17.244,19","17.424,63","17.470,48","17.240,91","104,76M","-1,03%"
"06.12.2005","17.424,43","17.274,76","17.465,75","17.274,76","150,50M","0,89%"
"05.12.2005","17.271,06","17.150,99","17.293,28","17.090,60","96,09M","0,70%"
"02.12.2005","17.150,99","17.133,83","17.323,16","17.039,71","116,11M","0,10%"
"01.12.2005","17.133,83","16.831,84","17.142,15","16.831,84","154,31M","1,80%"
"30.11.2005","16.830,96","16.696,34","16.842,83","16.601,17","148,89M","0,81%"
"29.11.2005","16.694,95","16.830,07","16.888,50","16.672,95","89,16M","-0,84%"
"28.11.2005","16.836,11","16.879,37","16.955,76","16.815,97","104,92M","-0,26%"
"25.11.2005","16.879,37","16.750,44","16.921,29","16.750,44","45,30M","0,77%"
"24.11.2005","16.750,44","16.713,91","16.782,19","16.666,89","17,07M","0,22%"
"23.11.2005","16.713,91","16.865,70","17.014,79","16.706,48","147,08M","-0,91%"
"22.11.2005","16.866,84","16.787,50","16.890,29","16.665,37","112,71M","0,60%"
"21.11.2005","16.767,07","16.545,44","16.817,42","16.545,44","115,54M","1,34%"
"18.11.2005","16.545,44","16.455,39","16.594,97","16.455,39","102,93M","0,55%"
"17.11.2005","16.455,39","16.310,68","16.496,57","16.310,68","155,64M","0,89%"
"16.11.2005","16.310,68","16.218,87","16.330,03","16.187,02","96,42M","0,72%"
"15.11.2005","16.193,58","16.293,76","16.346,63","16.188,05","91,62M","-0,61%"
"14.11.2005","16.293,53","16.135,03","16.293,68","16.058,54","81,45M","0,97%"
"11.11.2005","16.137,07","16.155,12","16.275,85","16.100,77","100,25M","-0,10%"
"10.11.2005","16.153,08","15.985,13","16.157,88","15.956,65","100,25M","1,08%"
"09.11.2005","15.981,18","15.930,28","15.983,95","15.910,24","64,59M","0,32%"